date_code, draw_date,num_1,num_2,num_3,num_4,num_5, MB
date=000000000000000000,12/16/2022,8,35,40,53,56,11
date=638064864000000000,12/13/2022,14,22,48,58,68,6
date=638061408000000000,12/9/2022,8,19,53,61,69,19
date=638058816000000000,12/6/2022,15,16,19,28,47,13
date=638055360000000000,12/2/2022,1,21,36,46,52,16
date=638052768000000000,11/29/2022,20,23,37,46,52,6
date=638049312000000000,11/25/2022,29,31,46,54,67,18
date=638046720000000000,11/22/2022,13,23,24,25,43,2
date=638043264000000000,11/18/2022,2,14,16,38,66,9
date=638040672000000000,11/15/2022,6,19,28,46,61,18
date=638037216000000000,11/11/2022,1,5,17,37,70,22
date=638034624000000000,11/8/2022,5,13,29,38,59,23
date=638031168000000000,11/4/2022,2,20,47,55,59,19
date=638028576000000000,11/1/2022,5,9,15,16,17,25
date=638025120000000000,10/28/2022,4,18,31,53,69,7
date=638022528000000000,10/25/2022,21,30,35,45,66,21
date=638019072000000000,10/21/2022,34,36,43,45,68,22
date=638016480000000000,10/18/2022,1,15,20,44,67,23
date=638013024000000000,10/14/2022,9,22,26,41,44,19
date=638010432000000000,10/11/2022,3,7,11,13,38,1
date=638006976000000000,10/7/2022,6,11,29,36,55,21
date=638004384000000000,10/4/2022,15,18,25,33,38,25
date=638000928000000000,9/30/2022,16,26,37,40,51,6
date=637998336000000000,9/27/2022,8,14,24,43,51,9
date=637994880000000000,9/23/2022,5,50,53,58,64,22
date=637992288000000000,9/20/2022,9,21,28,30,52,10
date=637988832000000000,9/16/2022,15,30,35,38,66,12
date=637986240000000000,9/13/2022,14,25,38,59,64,21
date=637982784000000000,9/9/2022,16,21,54,55,69,22
date=637980192000000000,9/6/2022,6,17,46,59,68,2
date=637976736000000000,9/2/2022,39,40,52,60,67,20
date=637974144000000000,8/30/2022,2,38,55,57,65,17
date=637970688000000000,8/26/2022,6,27,30,38,64,23
date=637968096000000000,8/23/2022,3,5,47,48,67,7
date=637964640000000000,8/19/2022,12,18,24,46,65,3
date=637962048000000000,8/16/2022,33,35,41,45,51,1
date=637958592000000000,8/12/2022,23,24,50,54,64,3
date=637956000000000000,8/9/2022,1,8,10,25,32,13
date=637952544000000000,8/5/2022,2,5,29,64,69,18
date=637949952000000000,8/2/2022,10,14,25,37,63,14
date=637946496000000000,7/29/2022,13,36,45,57,67,14
date=637943904000000000,7/26/2022,7,29,60,63,66,15
date=637940448000000000,7/22/2022,14,40,60,64,66,16
date=637937856000000000,7/19/2022,2,31,32,37,70,25
date=637934400000000000,7/15/2022,8,20,26,53,64,15
date=637931808000000000,7/12/2022,4,7,10,45,64,12
date=637928352000000000,7/8/2022,20,36,61,62,69,20
date=637925760000000000,7/5/2022,27,31,50,51,61,21
date=637922304000000000,7/1/2022,1,27,29,38,62,12
date=637919712000000000,6/28/2022,7,12,21,43,55,11
date=637916256000000000,6/24/2022,1,7,11,25,56,14
date=637913664000000000,6/21/2022,8,13,18,32,42,20
date=637910208000000000,6/17/2022,20,36,53,56,69,16
date=637907616000000000,6/14/2022,30,37,38,42,58,22
date=637904160000000000,6/10/2022,3,12,14,18,32,4
date=637901568000000000,6/7/2022,4,34,40,41,53,3
date=637898112000000000,6/3/2022,11,16,22,48,59,11
date=637895520000000000,5/31/2022,6,15,41,63,64,24
date=637892064000000000,5/27/2022,3,14,40,53,54,8
date=637889472000000000,5/24/2022,3,5,6,63,68,25
date=637886016000000000,5/20/2022,33,40,59,60,69,22
date=637883424000000000,5/17/2022,7,21,24,41,65,24
date=637879968000000000,5/13/2022,11,41,43,44,65,13
date=637877376000000000,5/10/2022,15,19,20,61,70,9
date=637873920000000000,5/6/2022,16,21,33,52,70,10
date=637871328000000000,5/3/2022,15,19,27,35,57,17
date=637867872000000000,4/29/2022,9,11,34,49,66,15
date=637865280000000000,4/26/2022,5,7,19,46,69,2
date=637861824000000000,4/22/2022,7,28,29,58,59,10
date=637859232000000000,4/19/2022,2,9,33,47,53,24
date=637855776000000000,4/15/2022,4,17,20,46,64,23
date=637853184000000000,4/12/2022,2,8,14,20,31,17
date=637849728000000000,4/8/2022,8,11,29,32,40,2
date=637847136000000000,4/5/2022,22,43,60,63,64,18
date=637843680000000000,4/1/2022,26,42,47,48,63,21
date=637841088000000000,3/29/2022,7,22,36,45,47,12
date=637837632000000000,3/25/2022,3,13,42,51,58,17
date=637835040000000000,3/22/2022,8,15,21,27,61,8
date=637831584000000000,3/18/2022,2,6,25,40,45,5
date=637828992000000000,3/15/2022,9,14,28,59,60,24
date=637825536000000000,3/11/2022,24,28,39,44,66,25
date=637822944000000000,3/8/2022,7,18,38,58,64,24
date=637819488000000000,3/4/2022,11,19,28,46,47,5
date=637816896000000000,3/1/2022,18,22,38,39,50,18
date=637813440000000000,2/25/2022,15,31,40,56,66,4
date=637810848000000000,2/22/2022,6,17,22,57,62,3
date=637807392000000000,2/18/2022,6,11,50,63,68,17
date=637804800000000000,2/15/2022,2,4,15,21,63,19
date=637801344000000000,2/11/2022,11,16,23,24,30,24
date=637798752000000000,2/8/2022,1,17,20,52,54,2
date=637795296000000000,2/4/2022,7,16,34,44,61,24
date=637792704000000000,2/1/2022,11,24,38,62,66,1
date=637789248000000000,1/28/2022,3,16,25,44,55,13
date=637786656000000000,1/25/2022,3,12,38,53,58,13
date=637783200000000000,1/21/2022,38,45,46,55,67,18
date=637780608000000000,1/18/2022,4,19,39,42,52,9
date=637777152000000000,1/14/2022,5,8,13,22,48,25
date=637774560000000000,1/11/2022,2,3,19,52,58,16
date=637771104000000000,1/7/2022,7,29,43,56,57,6
date=637768512000000000,1/4/2022,4,6,16,21,22,1
date=637765056000000000,12/31/2021,2,5,30,46,61,8
date=637762464000000000,12/28/2021,3,5,8,31,38,4
date=637759008000000000,12/24/2021,16,17,25,36,37,16
date=637756416000000000,12/21/2021,25,31,58,64,67,24
date=637752960000000000,12/17/2021,21,32,38,48,62,10
date=637750368000000000,12/14/2021,33,35,44,55,69,20
date=637746912000000000,12/10/2021,23,25,40,42,60,8
date=637744320000000000,12/7/2021,1,7,40,43,68,1
date=637740864000000000,12/3/2021,22,45,48,58,61,13
date=637738272000000000,11/30/2021,7,8,26,30,39,17
date=637734816000000000,11/26/2021,7,27,37,42,59,2
date=637732224000000000,11/23/2021,7,24,54,57,58,6
date=637728768000000000,11/19/2021,5,23,52,53,59,18
date=637726176000000000,11/16/2021,6,22,44,53,65,3
date=637722720000000000,11/12/2021,30,32,42,46,48,15
date=637720128000000000,11/9/2021,9,14,16,26,49,14
date=637716672000000000,11/5/2021,10,15,20,66,68,18
date=637714080000000000,11/2/2021,5,10,26,58,65,9
date=637710624000000000,10/29/2021,15,26,28,35,45,4
date=637708032000000000,10/26/2021,6,14,19,56,62,9
date=637704576000000000,10/22/2021,9,14,26,29,66,22
date=637701984000000000,10/19/2021,3,12,13,19,52,1
date=637698528000000000,10/15/2021,3,20,31,34,65,18
date=637695936000000000,10/12/2021,21,26,56,61,65,4
date=637692480000000000,10/8/2021,21,24,36,40,70,22
date=637689888000000000,10/5/2021,7,11,18,30,36,4
date=637686432000000000,10/1/2021,21,25,36,62,63,6
date=637683840000000000,9/28/2021,18,30,43,68,69,22
date=637680384000000000,9/24/2021,17,21,27,43,56,15
date=637677792000000000,9/21/2021,36,41,45,51,56,13
date=637674336000000000,9/17/2021,17,32,40,59,61,18
date=637671744000000000,9/14/2021,4,13,19,63,64,16
date=637668288000000000,9/10/2021,20,32,35,47,64,18
date=637665696000000000,9/7/2021,15,17,25,32,53,12
date=637662240000000000,9/3/2021,7,10,12,61,65,3
date=637659648000000000,8/31/2021,8,14,31,58,68,15
date=637656192000000000,8/27/2021,1,10,44,47,56,23
date=637653600000000000,8/24/2021,17,18,26,52,67,19
date=637650144000000000,8/20/2021,41,43,51,57,70,1
date=637647552000000000,8/17/2021,3,6,16,38,56,24
date=637644096000000000,8/13/2021,17,21,35,40,53,11
date=637641504000000000,8/10/2021,29,45,50,59,62,12
date=637638048000000000,8/6/2021,9,18,40,46,69,9
date=637635456000000000,8/3/2021,1,9,17,27,34,24
date=637632000000000000,7/30/2021,19,26,31,52,68,10
date=637629408000000000,7/27/2021,2,35,36,54,64,11
date=637625952000000000,7/23/2021,13,17,19,40,69,17
date=637623360000000000,7/20/2021,10,26,30,52,57,10
date=637619904000000000,7/16/2021,24,25,47,52,57,24
date=637617312000000000,7/13/2021,3,10,17,26,55,24
date=637613856000000000,7/9/2021,6,37,39,41,46,17
date=637611264000000000,7/6/2021,18,47,63,68,69,14
date=637607808000000000,7/2/2021,8,31,32,34,45,19
date=637605216000000000,6/29/2021,7,38,50,52,69,21
date=637601760000000000,6/25/2021,17,20,42,45,65,12
date=637599168000000000,6/22/2021,1,26,48,51,59,25
date=637595712000000000,6/18/2021,14,36,44,46,53,18
date=637593120000000000,6/15/2021,18,22,27,38,52,11
date=637589664000000000,6/11/2021,4,43,56,63,68,13
date=637587072000000000,6/8/2021,9,22,39,41,54,19
date=637583616000000000,6/4/2021,4,30,34,41,64,8
date=637581024000000000,6/1/2021,7,11,33,58,63,23
date=637577568000000000,5/28/2021,10,14,20,47,70,15
date=637574976000000000,5/25/2021,14,21,31,34,54,11
date=637571520000000000,5/21/2021,6,9,17,18,48,8
date=637568928000000000,5/18/2021,3,5,56,61,66,4
date=637565472000000000,5/14/2021,3,18,41,44,68,3
date=637562880000000000,5/11/2021,7,8,20,36,39,22
date=637559424000000000,5/7/2021,5,10,19,21,50,10
date=637556832000000000,5/4/2021,4,27,32,57,63,22
date=637553376000000000,4/30/2021,8,19,26,48,49,5
date=637550784000000000,4/27/2021,15,22,30,41,42,25
date=637547328000000000,4/23/2021,4,28,29,30,60,25
date=637544736000000000,4/20/2021,6,23,43,49,52,5
date=637541280000000000,4/16/2021,17,27,28,50,55,25
date=637538688000000000,4/13/2021,10,15,19,45,68,9
date=637535232000000000,4/9/2021,22,26,27,58,66,12
date=637532640000000000,4/6/2021,1,19,20,32,42,17
date=637529184000000000,4/2/2021,10,42,48,53,62,19
date=637526592000000000,3/30/2021,11,37,47,53,56,15
date=637523136000000000,3/26/2021,4,25,37,46,67,15
date=637520544000000000,3/23/2021,12,23,35,38,55,11
date=637517088000000000,3/19/2021,9,14,40,58,69,8
date=637514496000000000,3/16/2021,10,41,46,52,69,8
date=637511040000000000,3/12/2021,2,24,25,31,65,18
date=637508448000000000,3/9/2021,4,33,46,58,65,13
date=637504992000000000,3/5/2021,10,11,17,27,54,20
date=637502400000000000,3/2/2021,4,8,13,34,64,18
date=637498944000000000,2/26/2021,11,15,37,62,64,5
date=637496352000000000,2/23/2021,5,7,9,20,57,15
date=637492896000000000,2/19/2021,27,32,47,50,53,4
date=637490304000000000,2/16/2021,1,36,44,54,66,10
date=637486848000000000,2/12/2021,5,14,24,25,27,14
date=637484256000000000,2/9/2021,7,18,21,31,40,9
date=637480800000000000,2/5/2021,14,17,28,29,44,2
date=637478208000000000,2/2/2021,13,37,38,40,67,10
date=637474752000000000,1/29/2021,4,44,58,59,70,3
date=637472160000000000,1/26/2021,29,49,56,66,67,24
date=637468704000000000,1/22/2021,4,26,42,50,60,24
date=637466112000000000,1/19/2021,10,19,26,28,50,16
date=637462656000000000,1/15/2021,3,11,12,38,43,15
date=637460064000000000,1/12/2021,12,14,26,28,33,9
date=637456608000000000,1/8/2021,3,6,16,18,58,11
date=637454016000000000,1/5/2021,20,43,51,55,57,4
date=637450560000000000,1/1/2021,8,24,53,68,69,7
date=637447968000000000,12/29/2020,1,31,35,48,62,19
date=637444512000000000,12/25/2020,17,23,36,69,70,19
date=637441920000000000,12/22/2020,29,53,56,59,67,21
date=637438464000000000,12/18/2020,7,15,25,51,60,5
date=637435872000000000,12/15/2020,1,10,18,20,46,15
date=637432416000000000,12/11/2020,19,31,37,55,67,25
date=637429824000000000,12/8/2020,15,19,33,39,68,25
date=637426368000000000,12/4/2020,3,19,24,44,50,8
date=637423776000000000,12/1/2020,7,33,53,61,65,14
date=637420320000000000,11/27/2020,4,10,27,35,58,10
date=637417728000000000,11/24/2020,9,15,34,61,64,6
date=637414272000000000,11/20/2020,26,33,45,61,68,17
date=637411680000000000,11/17/2020,8,13,35,46,68,16
date=637408224000000000,11/13/2020,6,7,14,28,59,7
date=637405632000000000,11/10/2020,23,45,53,58,62,13
date=637402176000000000,11/6/2020,18,24,27,34,60,2
date=637399584000000000,11/3/2020,7,31,44,45,55,19
date=637396128000000000,10/30/2020,14,19,34,39,59,11
date=637393536000000000,10/27/2020,6,13,34,46,62,1
date=637390080000000000,10/23/2020,18,34,44,60,69,22
date=637387488000000000,10/20/2020,46,54,57,58,66,10
date=637384032000000000,10/16/2020,27,32,50,52,57,12
date=637381440000000000,10/13/2020,11,44,45,46,70,25
date=637377984000000000,10/9/2020,5,11,25,27,64,13
date=637375392000000000,10/6/2020,15,16,18,39,59,17
date=637371936000000000,10/2/2020,9,38,47,49,68,25
date=637369344000000000,9/29/2020,14,39,43,44,67,19
date=637365888000000000,9/25/2020,20,36,37,48,67,16
date=637363296000000000,9/22/2020,36,43,44,55,68,12
date=637359840000000000,9/18/2020,26,29,41,52,64,11
date=637357248000000000,9/15/2020,25,28,38,59,62,22
date=637353792000000000,9/11/2020,3,15,42,48,56,13
date=637351200000000000,9/8/2020,7,10,15,31,57,21
date=637347744000000000,9/4/2020,19,22,24,28,53,25
date=637345152000000000,9/1/2020,15,25,26,38,47,22
date=637341696000000000,8/28/2020,3,9,50,53,64,1
date=637339104000000000,8/25/2020,8,10,15,17,57,12
date=637335648000000000,8/21/2020,11,15,31,42,63,14
date=637333056000000000,8/18/2020,4,18,26,27,58,23
date=637329600000000000,8/14/2020,3,24,29,42,47,13
date=637327008000000000,8/11/2020,8,22,29,43,56,9
date=637323552000000000,8/7/2020,4,44,53,64,70,3
date=637320960000000000,8/4/2020,2,22,30,42,62,20
date=637317504000000000,7/31/2020,12,35,46,48,69,23
date=637314912000000000,7/28/2020,17,20,27,31,34,19
date=637311456000000000,7/24/2020,8,33,39,54,58,17
date=637308864000000000,7/21/2020,14,25,26,41,43,15
date=637305408000000000,7/17/2020,12,13,21,46,57,21
date=637302816000000000,7/14/2020,6,26,55,56,64,22
date=637299360000000000,7/10/2020,10,15,20,49,53,22
date=637296768000000000,7/7/2020,16,20,25,30,43,18
date=637293312000000000,7/3/2020,20,40,44,45,50,24
date=637290720000000000,6/30/2020,9,16,29,37,53,11
date=637287264000000000,6/26/2020,19,33,37,56,57,6
date=637284672000000000,6/23/2020,6,20,37,40,48,15
date=637281216000000000,6/19/2020,11,34,36,52,66,7
date=637278624000000000,6/16/2020,21,23,33,35,42,6
date=637275168000000000,6/12/2020,9,14,57,67,70,2
date=637272576000000000,6/9/2020,1,5,9,10,23,22
date=637269120000000000,6/5/2020,32,35,37,47,55,22
date=637266528000000000,6/2/2020,9,20,23,26,29,8
date=637263072000000000,5/29/2020,10,13,32,41,51,3
date=637260480000000000,5/26/2020,34,52,58,59,62,4
date=637257024000000000,5/22/2020,8,10,20,44,46,18
date=637254432000000000,5/19/2020,8,19,25,36,66,9
date=637250976000000000,5/15/2020,11,17,32,33,46,25
date=637248384000000000,5/12/2020,7,16,27,44,52,5
date=637244928000000000,5/8/2020,5,20,22,61,70,4
date=637242336000000000,5/5/2020,7,13,17,21,45,14
date=637238880000000000,5/1/2020,28,30,31,35,66,14
date=637236288000000000,4/28/2020,13,19,53,54,63,17
date=637232832000000000,4/24/2020,1,27,32,60,67,18
date=637230240000000000,4/21/2020,13,15,24,67,70,17
date=637226784000000000,4/17/2020,13,35,39,46,55,14
date=637224192000000000,4/14/2020,29,47,65,69,70,7
date=637220736000000000,4/10/2020,2,11,21,57,60,13
date=637218144000000000,4/7/2020,25,33,43,51,68,20
date=637214688000000000,4/3/2020,24,38,44,57,58,17
date=637212096000000000,3/31/2020,8,17,51,57,70,2
date=637208640000000000,3/27/2020,3,25,28,50,60,1
date=637206048000000000,3/24/2020,2,8,16,18,31,14
date=637202592000000000,3/20/2020,34,35,41,45,54,5
date=637200000000000000,3/17/2020,20,27,28,58,59,25
date=637196544000000000,3/13/2020,7,22,37,43,44,22
date=637193952000000000,3/10/2020,6,17,48,54,69,12
date=637190496000000000,3/6/2020,15,48,56,58,70,4
date=637187904000000000,3/3/2020,8,12,33,56,64,2
date=637184448000000000,2/28/2020,2,3,14,41,64,17
date=637181856000000000,2/25/2020,2,9,43,49,63,15
date=637178400000000000,2/21/2020,4,7,13,16,60,6
date=637175808000000000,2/18/2020,6,12,39,61,70,4
date=637172352000000000,2/14/2020,10,32,48,54,55,18
date=637169760000000000,2/11/2020,4,6,32,52,64,6
date=637166304000000000,2/7/2020,9,14,27,36,52,4
date=637163712000000000,2/4/2020,32,48,50,51,64,10
date=637160256000000000,1/31/2020,28,31,33,57,62,19
date=637157664000000000,1/28/2020,17,36,47,51,62,21
date=637154208000000000,1/24/2020,3,4,18,23,38,24
date=637151616000000000,1/21/2020,16,18,29,31,37,8
date=637148160000000000,1/17/2020,3,25,30,54,70,9
date=637145568000000000,1/14/2020,9,11,13,31,47,11
date=637142112000000000,1/10/2020,17,27,49,51,66,2
date=637139520000000000,1/7/2020,25,40,41,52,56,21
date=637136064000000000,1/3/2020,37,41,42,53,63,16
date=637133472000000000,12/31/2019,30,44,49,53,56,11
date=637130016000000000,12/27/2019,17,34,40,63,64,24
date=637127424000000000,12/24/2019,27,37,48,63,66,11
date=637123968000000000,12/20/2019,3,20,23,35,60,16
date=637121376000000000,12/17/2019,22,30,53,55,56,16
date=637117920000000000,12/13/2019,17,21,29,39,56,22
date=637115328000000000,12/10/2019,18,31,46,54,61,25
date=637111872000000000,12/6/2019,20,31,40,46,61,20
date=637109280000000000,12/3/2019,23,43,60,63,69,19
date=637105824000000000,11/29/2019,6,8,31,50,65,9
date=637103232000000000,11/26/2019,8,27,29,38,43,13
date=637099776000000000,11/22/2019,7,12,17,49,53,24
date=637097184000000000,11/19/2019,22,43,44,47,66,22
date=637093728000000000,11/15/2019,12,19,34,35,68,20
date=637091136000000000,11/12/2019,19,30,44,56,65,24
date=637087680000000000,11/8/2019,3,4,10,39,58,14
date=637085088000000000,11/5/2019,2,9,24,49,54,19
date=637081632000000000,11/1/2019,9,20,36,41,54,22
date=637079040000000000,10/29/2019,4,9,17,27,39,22
date=637075584000000000,10/25/2019,16,24,25,52,60,6
date=637072992000000000,10/22/2019,5,11,14,23,25,10
date=637069536000000000,10/18/2019,18,58,60,65,67,20
date=637066944000000000,10/15/2019,4,12,14,35,70,2
date=637063488000000000,10/11/2019,14,22,30,37,60,8
date=637060896000000000,10/8/2019,5,8,10,17,48,23
date=637057440000000000,10/4/2019,11,38,44,48,70,17
date=637054848000000000,10/1/2019,10,17,39,42,59,3
date=637051392000000000,9/27/2019,12,20,31,43,45,20
date=637048800000000000,9/24/2019,6,14,24,42,46,9
date=637045344000000000,9/20/2019,23,24,42,48,53,22
date=637042752000000000,9/17/2019,12,15,30,50,65,1
date=637039296000000000,9/13/2019,6,16,37,59,62,5
date=637036704000000000,9/10/2019,34,47,48,50,55,24
date=637033248000000000,9/6/2019,4,11,13,19,31,10
date=637030656000000000,9/3/2019,13,20,27,61,62,5
date=637027200000000000,8/30/2019,3,9,11,34,39,10
date=637024608000000000,8/27/2019,8,12,23,39,43,6
date=637021152000000000,8/23/2019,11,15,37,54,68,21
date=637018560000000000,8/20/2019,8,14,25,51,63,4
date=637015104000000000,8/16/2019,4,14,24,26,46,14
date=637012512000000000,8/13/2019,7,27,31,34,51,5
date=637009056000000000,8/9/2019,15,53,56,59,63,1
date=637006464000000000,8/6/2019,11,17,31,43,55,16
date=637003008000000000,8/2/2019,11,20,26,48,70,19
date=637000416000000000,7/30/2019,10,24,28,33,38,6
date=636996960000000000,7/26/2019,4,6,11,43,48,11
date=636994368000000000,7/23/2019,1,4,23,40,45,11
date=636990912000000000,7/19/2019,16,18,28,33,67,14
date=636988320000000000,7/16/2019,8,16,31,48,52,23
date=636984864000000000,7/12/2019,8,25,38,56,59,7
date=636982272000000000,7/9/2019,12,26,40,48,64,1
date=636978816000000000,7/5/2019,6,38,47,57,63,12
date=636976224000000000,7/2/2019,3,25,37,40,55,13
date=636972768000000000,6/28/2019,2,35,49,53,63,1
date=636970176000000000,6/25/2019,24,33,45,47,61,17
date=636966720000000000,6/21/2019,13,30,36,48,62,18
date=636964128000000000,6/18/2019,12,14,22,24,48,21
date=636960672000000000,6/14/2019,19,40,47,57,65,6
date=636958080000000000,6/11/2019,20,34,39,43,57,13
date=636954624000000000,6/7/2019,17,19,27,40,68,2
date=636952032000000000,6/4/2019,25,37,46,48,68,25
date=636948576000000000,5/31/2019,7,8,26,65,67,4
date=636945984000000000,5/28/2019,9,21,34,42,50,21
date=636942528000000000,5/24/2019,14,41,44,56,62,10
date=636939936000000000,5/21/2019,10,50,55,56,58,15
date=636936480000000000,5/17/2019,5,17,28,32,63,11
date=636933888000000000,5/14/2019,11,59,66,67,68,18
date=636930432000000000,5/10/2019,3,16,21,61,62,19
date=636927840000000000,5/7/2019,3,6,34,54,63,19
date=636924384000000000,5/3/2019,8,16,22,66,68,11
date=636921792000000000,4/30/2019,24,37,41,61,70,20
date=636918336000000000,4/26/2019,9,17,23,30,46,10
date=636915744000000000,4/23/2019,7,24,30,48,67,9
date=636912288000000000,4/19/2019,18,25,43,44,57,25
date=636909696000000000,4/16/2019,11,29,34,48,54,10
date=636906240000000000,4/12/2019,1,24,25,40,70,4
date=636903648000000000,4/9/2019,11,22,34,44,58,9
date=636900192000000000,4/5/2019,8,22,24,38,64,21
date=636897600000000000,4/2/2019,33,47,58,59,64,25
date=636894144000000000,3/29/2019,5,14,15,62,66,3
date=636891552000000000,3/26/2019,4,14,22,43,58,9
date=636888096000000000,3/22/2019,7,36,58,60,62,10
date=636885504000000000,3/19/2019,10,42,53,67,68,15
date=636882048000000000,3/15/2019,3,29,56,62,64,4
date=636879456000000000,3/12/2019,10,12,16,49,57,18
date=636876000000000000,3/8/2019,4,9,42,62,68,7
date=636873408000000000,3/5/2019,15,20,32,37,52,6
date=636869952000000000,3/1/2019,29,33,39,60,66,21
date=636867360000000000,2/26/2019,10,12,14,24,60,20
date=636863904000000000,2/22/2019,18,24,31,34,55,4
date=636861312000000000,2/19/2019,17,24,34,56,65,3
date=636857856000000000,2/15/2019,10,38,40,43,65,12
date=636855264000000000,2/12/2019,15,32,39,50,65,7
date=636851808000000000,2/8/2019,14,24,31,42,48,13
date=636849216000000000,2/5/2019,3,34,36,59,66,7
date=636845760000000000,2/1/2019,2,37,48,66,68,11
date=636843168000000000,1/29/2019,10,33,53,54,62,22
date=636839712000000000,1/25/2019,8,16,30,38,61,10
date=636837120000000000,1/22/2019,4,15,37,59,64,16
date=636833664000000000,1/18/2019,2,43,48,62,64,24
date=636831072000000000,1/15/2019,29,52,58,60,62,7
date=636827616000000000,1/11/2019,4,5,31,62,69,20
date=636825024000000000,1/8/2019,13,26,29,38,64,5
date=636821568000000000,1/4/2019,21,29,35,54,60,15
date=636818976000000000,1/1/2019,34,44,57,62,70,14
date=636815520000000000,12/28/2018,9,10,25,37,38,21
date=636812928000000000,12/25/2018,2,8,42,43,50,6
date=636809472000000000,12/21/2018,10,13,61,62,70,5
date=636806880000000000,12/18/2018,13,22,32,60,69,9
date=636803424000000000,12/14/2018,5,22,26,43,49,23
date=636800832000000000,12/11/2018,4,38,39,54,59,12
date=636797376000000000,12/7/2018,4,10,20,33,57,13
date=636794784000000000,12/4/2018,28,31,41,42,50,4
date=636791328000000000,11/30/2018,25,28,40,43,63,19
date=636788736000000000,11/27/2018,12,24,37,42,57,18
date=636785280000000000,11/23/2018,7,10,30,33,59,23
date=636782688000000000,11/20/2018,10,16,31,42,66,10
date=636779232000000000,11/16/2018,33,36,63,68,69,16
date=636776640000000000,11/13/2018,34,46,57,65,69,11
date=636773184000000000,11/9/2018,8,14,27,57,67,5
date=636770592000000000,11/6/2018,28,34,37,56,69,12
date=636767136000000000,11/2/2018,3,23,28,46,62,16
date=636764544000000000,10/30/2018,20,31,39,46,49,23
date=636761088000000000,10/26/2018,1,28,61,62,63,5
date=636758496000000000,10/23/2018,5,28,62,65,70,5
date=636755040000000000,10/19/2018,15,23,53,65,70,7
date=636752448000000000,10/16/2018,3,45,49,61,69,9
date=636748992000000000,10/12/2018,4,24,46,61,70,7
date=636746400000000000,10/9/2018,20,22,39,54,60,18
date=636742944000000000,10/5/2018,27,28,32,41,69,12
date=636740352000000000,10/2/2018,2,22,29,31,34,1
date=636736896000000000,9/28/2018,39,45,52,56,59,15
date=636734304000000000,9/25/2018,8,16,32,48,61,12
date=636730848000000000,9/21/2018,1,2,11,52,64,9
date=636728256000000000,9/18/2018,31,32,43,63,68,17
date=636724800000000000,9/14/2018,23,30,40,43,66,13
date=636722208000000000,9/11/2018,15,30,51,62,67,19
date=636718752000000000,9/7/2018,8,10,41,54,68,10
date=636716160000000000,9/4/2018,2,7,25,35,44,3
date=636712704000000000,8/31/2018,7,18,29,32,45,17
date=636710112000000000,8/28/2018,3,20,33,34,41,20
date=636706656000000000,8/24/2018,1,6,13,18,49,8
date=636704064000000000,8/21/2018,14,16,19,38,57,11
date=636700608000000000,8/17/2018,1,31,32,47,56,3
date=636698016000000000,8/14/2018,11,26,44,45,46,11
date=636694560000000000,8/10/2018,1,3,12,22,42,6
date=636691968000000000,8/7/2018,2,13,15,21,62,2
date=636688512000000000,8/3/2018,9,28,30,54,60,2
date=636685920000000000,7/31/2018,12,15,35,64,69,9
date=636682464000000000,7/27/2018,1,32,40,49,63,20
date=636679872000000000,7/24/2018,1,2,4,19,29,20
date=636676416000000000,7/20/2018,1,14,30,44,62,1
date=636673824000000000,7/17/2018,40,41,61,66,67,12
date=636670368000000000,7/13/2018,21,22,39,59,68,2
date=636667776000000000,7/10/2018,1,17,28,56,70,14
date=636664320000000000,7/6/2018,2,10,46,50,56,16
date=636661728000000000,7/3/2018,13,35,45,49,68,23
date=636658272000000000,6/29/2018,2,32,47,49,68,23
date=636655680000000000,6/26/2018,17,25,29,39,60,19
date=636652224000000000,6/22/2018,2,6,11,27,44,20
date=636649632000000000,6/19/2018,11,13,28,65,70,14
date=636646176000000000,6/15/2018,1,11,37,47,51,6
date=636643584000000000,6/12/2018,1,3,5,8,70,3
date=636640128000000000,6/8/2018,14,30,33,44,56,13
date=636637536000000000,6/5/2018,22,33,41,48,52,4
date=636634080000000000,6/1/2018,5,24,52,62,66,17
date=636631488000000000,5/29/2018,2,11,55,58,67,2
date=636628032000000000,5/25/2018,11,14,51,64,68,25
date=636625440000000000,5/22/2018,16,17,21,36,48,9
date=636621984000000000,5/18/2018,9,26,53,64,66,11
date=636619392000000000,5/15/2018,21,34,44,49,61,21
date=636615936000000000,5/11/2018,14,38,40,53,70,22
date=636613344000000000,5/8/2018,8,15,39,64,67,13
date=636609888000000000,5/4/2018,4,5,10,12,18,21
date=636607296000000000,5/1/2018,2,7,20,55,70,1
date=636603840000000000,4/27/2018,2,29,38,63,66,11
date=636601248000000000,4/24/2018,3,19,31,32,48,10
date=636597792000000000,4/20/2018,1,15,18,32,45,4
date=636595200000000000,4/17/2018,12,34,44,47,65,22
date=636591744000000000,4/13/2018,8,9,32,42,59,10
date=636589152000000000,4/10/2018,5,13,31,43,53,20
date=636585696000000000,4/6/2018,16,33,51,54,67,20
date=636583104000000000,4/3/2018,4,29,39,42,62,14
date=636579648000000000,3/30/2018,11,28,31,46,59,1
date=636577056000000000,3/27/2018,7,25,43,56,59,13
date=636573600000000000,3/23/2018,4,8,23,53,59,17
date=636571008000000000,3/20/2018,14,38,51,64,70,9
date=636567552000000000,3/16/2018,1,13,26,33,52,11
date=636564960000000000,3/13/2018,6,30,58,60,61,17
date=636561504000000000,3/9/2018,7,17,18,46,66,22
date=636558912000000000,3/6/2018,1,4,26,35,39,22
date=636555456000000000,3/2/2018,24,28,42,60,64,8
date=636552864000000000,2/27/2018,10,17,21,38,43,23
date=636549408000000000,2/23/2018,7,11,13,19,58,9
date=636546816000000000,2/20/2018,17,19,23,24,43,14
date=636543360000000000,2/16/2018,14,38,48,53,58,16
date=636540768000000000,2/13/2018,5,12,15,46,49,1
date=636537312000000000,2/9/2018,28,34,41,46,47,14
date=636534720000000000,2/6/2018,14,17,25,48,58,25
date=636531264000000000,2/2/2018,1,4,14,17,40,4
date=636528672000000000,1/30/2018,29,41,42,49,57,24
date=636525216000000000,1/26/2018,10,16,27,38,43,1
date=636522624000000000,1/23/2018,2,6,30,31,55,7
date=636519168000000000,1/19/2018,3,17,23,49,66,23
date=636516576000000000,1/16/2018,3,11,23,29,59,18
date=636513120000000000,1/12/2018,17,18,33,46,60,24
date=636510528000000000,1/9/2018,16,29,31,65,67,23
date=636507072000000000,1/5/2018,28,30,39,59,70,10
date=636504480000000000,1/2/2018,1,42,47,64,70,22
date=636501024000000000,12/29/2017,4,10,18,28,62,7
date=636498432000000000,12/26/2017,10,12,20,38,41,25
date=636494976000000000,12/22/2017,1,20,30,33,42,16
date=636492384000000000,12/19/2017,28,37,39,42,58,2
date=636488928000000000,12/15/2017,4,12,36,44,57,19
date=636486336000000000,12/12/2017,8,23,24,25,27,9
date=636482880000000000,12/8/2017,6,37,46,60,70,24
date=636480288000000000,12/5/2017,14,15,37,42,67,22
date=636476832000000000,12/1/2017,16,22,40,41,59,8
date=636474240000000000,11/28/2017,10,17,47,51,61,5
date=636470784000000000,11/24/2017,16,36,54,61,64,22
date=636468192000000000,11/21/2017,3,7,22,27,50,3
date=636464736000000000,11/17/2017,3,26,55,58,70,15
date=636462144000000000,11/14/2017,1,14,21,22,28,19
date=636458688000000000,11/10/2017,6,23,38,42,58,24
date=636456096000000000,11/7/2017,1,54,60,68,69,11
date=636452640000000000,11/3/2017,10,22,42,61,69,3
date=636450048000000000,10/31/2017,6,28,31,52,53,12
date=636446592000000000,10/27/2017,17,27,41,51,52,13
date=636444000000000000,10/24/2017,20,24,34,56,64,6
date=636440544000000000,10/20/2017,6,23,63,66,73,9
date=636437952000000000,10/17/2017,31,45,49,56,70,11
date=636434496000000000,10/13/2017,2,7,18,26,31,12
date=636431904000000000,10/10/2017,7,16,24,61,62,2
date=636428448000000000,10/6/2017,21,33,36,45,56,12
date=636425856000000000,10/3/2017,12,18,19,25,67,7
date=636422400000000000,9/29/2017,25,51,62,73,74,7
date=636419808000000000,9/26/2017,1,10,57,66,75,4
date=636416352000000000,9/22/2017,5,39,54,63,66,15
date=636413760000000000,9/19/2017,9,28,31,50,61,10
date=636410304000000000,9/15/2017,18,24,34,38,58,3
date=636407712000000000,9/12/2017,26,37,41,54,65,3
date=636404256000000000,9/8/2017,4,5,14,26,73,14
date=636401664000000000,9/5/2017,11,17,59,70,72,1
date=636398208000000000,9/1/2017,4,13,31,50,64,12
date=636395616000000000,8/29/2017,2,13,17,35,73,3
date=636392160000000000,8/25/2017,17,38,42,51,65,11
date=636389568000000000,8/22/2017,24,35,46,50,51,7
date=636386112000000000,8/18/2017,1,31,34,40,75,6
date=636383520000000000,8/15/2017,7,16,20,66,73,7
date=636380064000000000,8/11/2017,23,33,53,56,58,6
date=636377472000000000,8/8/2017,11,17,50,52,74,14
date=636374016000000000,8/4/2017,9,17,25,63,71,4
date=636371424000000000,8/1/2017,20,22,52,57,73,7
date=636367968000000000,7/28/2017,4,6,31,49,52,11
date=636365376000000000,7/25/2017,2,5,26,58,60,6
date=636361920000000000,7/21/2017,18,31,36,50,74,10
date=636359328000000000,7/18/2017,8,12,23,51,73,6
date=636355872000000000,7/14/2017,11,12,24,32,73,1
date=636353280000000000,7/11/2017,7,18,24,55,74,10
date=636349824000000000,7/7/2017,2,9,11,28,60,10
date=636347232000000000,7/4/2017,16,39,47,53,71,15
date=636343776000000000,6/30/2017,10,38,51,55,64,6
date=636341184000000000,6/27/2017,4,21,45,52,57,14
date=636337728000000000,6/23/2017,12,20,53,66,74,11
date=636335136000000000,6/20/2017,2,15,41,49,63,3
date=636331680000000000,6/16/2017,18,22,26,30,44,9
date=636329088000000000,6/13/2017,27,51,62,68,75,8
date=636325632000000000,6/9/2017,3,16,28,33,37,9
date=636323040000000000,6/6/2017,3,5,16,49,75,5
date=636319584000000000,6/2/2017,7,42,57,69,72,10
date=636316992000000000,5/30/2017,5,20,32,37,67,5
date=636313536000000000,5/26/2017,25,26,28,37,56,5
date=636310944000000000,5/23/2017,6,13,17,33,60,14
date=636307488000000000,5/19/2017,1,4,5,24,30,1
date=636304896000000000,5/16/2017,4,35,39,56,72,11
date=636301440000000000,5/12/2017,28,34,41,42,47,13
date=636298848000000000,5/9/2017,6,29,45,69,73,11
date=636295392000000000,5/5/2017,4,23,33,47,53,7
date=636292800000000000,5/2/2017,5,14,42,43,58,1
date=636289344000000000,4/28/2017,6,13,18,20,31,13
date=636286752000000000,4/25/2017,3,13,33,40,50,2
date=636283296000000000,4/21/2017,1,12,13,32,34,10
date=636280704000000000,4/18/2017,8,29,30,43,64,6
date=636277248000000000,4/14/2017,5,10,55,60,73,12
date=636274656000000000,4/11/2017,19,34,35,38,49,8
date=636271200000000000,4/7/2017,30,33,43,47,69,15
date=636268608000000000,4/4/2017,13,24,34,35,55,9
date=636265152000000000,3/31/2017,17,24,27,32,58,10
date=636262560000000000,3/28/2017,30,33,35,37,46,10
date=636259104000000000,3/24/2017,5,28,37,61,69,1
date=636256512000000000,3/21/2017,4,45,53,73,75,7
date=636253056000000000,3/17/2017,11,27,31,58,60,10
date=636250464000000000,3/14/2017,16,23,28,33,59,13
date=636247008000000000,3/10/2017,26,38,42,58,70,5
date=636244416000000000,3/7/2017,3,30,45,53,68,11
date=636240960000000000,3/3/2017,14,26,39,48,51,9
date=636238368000000000,2/28/2017,20,33,45,58,69,4
date=636234912000000000,2/24/2017,12,29,33,42,68,14
date=636232320000000000,2/21/2017,9,21,30,32,75,9
date=636228864000000000,2/17/2017,4,56,58,67,75,8
date=636226272000000000,2/14/2017,7,11,33,60,68,15
date=636222816000000000,2/10/2017,32,39,51,62,75,14
date=636220224000000000,2/7/2017,23,28,37,56,71,12
date=636216768000000000,2/3/2017,3,6,29,30,64,3
date=636214176000000000,1/31/2017,3,14,27,62,72,4
date=636210720000000000,1/27/2017,17,37,53,54,61,8
date=636208128000000000,1/24/2017,8,42,54,63,67,11
date=636204672000000000,1/20/2017,7,9,24,41,53,14
date=636202080000000000,1/17/2017,20,31,54,56,59,3
date=636198624000000000,1/13/2017,10,44,58,74,75,11
date=636196032000000000,1/10/2017,11,20,40,41,59,15
date=636192576000000000,1/6/2017,6,10,44,47,54,6
date=636189984000000000,1/3/2017,14,16,23,49,53,12
date=636186528000000000,12/30/2016,6,21,33,39,43,2
date=636183936000000000,12/27/2016,2,28,30,38,39,11
date=636180480000000000,12/23/2016,21,30,39,60,69,15
date=636177888000000000,12/20/2016,1,12,14,48,65,2
date=636174432000000000,12/16/2016,1,8,15,36,43,6
date=636171840000000000,12/13/2016,2,15,26,34,41,14
date=636168384000000000,12/9/2016,19,27,47,67,68,1
date=636165792000000000,12/6/2016,13,34,48,53,63,12
date=636162336000000000,12/2/2016,3,33,35,49,51,1
date=636159744000000000,11/29/2016,22,33,49,51,59,8
date=636156288000000000,11/25/2016,44,47,49,69,75,10
date=636153696000000000,11/22/2016,1,43,45,66,69,7
date=636150240000000000,11/18/2016,31,32,49,55,58,15
date=636147648000000000,11/15/2016,9,17,23,57,71,6
date=636144192000000000,11/11/2016,16,40,47,53,59,11
date=636141600000000000,11/8/2016,46,48,53,61,74,12
date=636138144000000000,11/4/2016,10,29,32,44,46,10
date=636135552000000000,11/1/2016,19,24,31,39,45,13
date=636132096000000000,10/28/2016,7,38,46,57,66,2
date=636129504000000000,10/25/2016,8,9,24,49,67,13
date=636126048000000000,10/21/2016,12,43,44,48,66,3
date=636123456000000000,10/18/2016,7,24,28,65,74,1
date=636120000000000000,10/14/2016,7,27,60,64,74,5
date=636117408000000000,10/11/2016,36,39,42,45,48,3
date=636113952000000000,10/7/2016,24,37,42,50,65,14
date=636111360000000000,10/4/2016,18,29,30,54,66,1
date=636107904000000000,9/30/2016,21,30,47,50,57,9
date=636105312000000000,9/27/2016,14,16,26,53,72,4
date=636101856000000000,9/23/2016,1,5,8,25,62,14
date=636099264000000000,9/20/2016,2,22,34,62,72,2
date=636095808000000000,9/16/2016,13,21,28,34,40,15
date=636093216000000000,9/13/2016,6,15,17,39,56,15
date=636089760000000000,9/9/2016,1,34,43,44,63,11
date=636087168000000000,9/6/2016,25,37,58,69,75,8
date=636083712000000000,9/2/2016,22,28,41,46,60,3
date=636081120000000000,8/30/2016,28,32,41,51,71,11
date=636077664000000000,8/26/2016,10,11,31,41,44,14
date=636075072000000000,8/23/2016,2,7,46,61,66,1
date=636071616000000000,8/19/2016,22,37,45,65,73,13
date=636069024000000000,8/16/2016,2,43,52,62,63,6
date=636065568000000000,8/12/2016,4,41,44,56,69,10
date=636062976000000000,8/9/2016,12,19,20,44,66,1
date=636059520000000000,8/5/2016,5,18,28,54,74,6
date=636056928000000000,8/2/2016,3,12,36,54,70,12
date=636053472000000000,7/29/2016,11,16,19,31,48,4
date=636050880000000000,7/26/2016,1,4,31,36,54,9
date=636047424000000000,7/22/2016,8,24,25,26,30,7
date=636044832000000000,7/19/2016,3,34,54,65,66,4
date=636041376000000000,7/15/2016,16,51,52,56,58,4
date=636038784000000000,7/12/2016,6,8,22,46,68,4
date=636035328000000000,7/8/2016,8,19,20,55,73,5
date=636032736000000000,7/5/2016,29,46,53,64,73,10
date=636029280000000000,7/1/2016,20,41,42,45,49,14
date=636026688000000000,6/28/2016,15,17,20,35,55,7
date=636023232000000000,6/24/2016,11,14,54,57,63,11
date=636020640000000000,6/21/2016,6,13,21,49,50,10
date=636017184000000000,6/17/2016,20,23,30,44,59,9
date=636014592000000000,6/14/2016,36,37,38,52,62,6
date=636011136000000000,6/10/2016,34,61,66,67,68,7
date=636008544000000000,6/7/2016,25,48,51,65,72,4
date=636005088000000000,6/3/2016,32,54,65,66,71,10
date=636002496000000000,5/31/2016,9,31,34,41,49,8
date=635999040000000000,5/27/2016,18,41,50,68,70,9
date=635996448000000000,5/24/2016,11,50,51,70,75,15
date=635992992000000000,5/20/2016,19,24,26,40,68,8
date=635990400000000000,5/17/2016,17,24,27,48,75,6
date=635986944000000000,5/13/2016,20,21,38,54,66,7
date=635984352000000000,5/10/2016,12,22,46,56,74,4
date=635980896000000000,5/6/2016,14,26,27,32,36,7
date=635978304000000000,5/3/2016,28,29,33,36,45,15
date=635974848000000000,4/29/2016,5,6,37,55,74,10
date=635972256000000000,4/26/2016,14,16,17,28,48,2
date=635968800000000000,4/22/2016,2,19,21,42,60,13
date=635966208000000000,4/19/2016,9,28,40,57,65,2
date=635962752000000000,4/15/2016,9,10,34,37,73,9
date=635960160000000000,4/12/2016,7,11,59,62,63,3
date=635956704000000000,4/8/2016,31,38,52,65,71,15
date=635954112000000000,4/5/2016,13,45,52,53,57,10
date=635950656000000000,4/1/2016,25,28,33,41,69,6
date=635948064000000000,3/29/2016,33,38,40,46,49,15
date=635944608000000000,3/25/2016,4,11,12,35,46,12
date=635942016000000000,3/22/2016,6,19,34,38,70,5
date=635938560000000000,3/18/2016,5,8,57,59,73,13
date=635935968000000000,3/15/2016,18,26,30,44,68,7
date=635932512000000000,3/11/2016,14,18,48,54,71,13
date=635929920000000000,3/8/2016,27,37,54,66,69,5
date=635926464000000000,3/4/2016,21,26,33,48,73,14
date=635923872000000000,3/1/2016,1,29,33,34,55,6
date=635920416000000000,2/26/2016,3,15,19,62,74,14
date=635917824000000000,2/23/2016,16,32,39,53,57,10
date=635914368000000000,2/19/2016,2,27,41,50,75,4
date=635911776000000000,2/16/2016,9,31,33,46,64,4
date=635908320000000000,2/12/2016,1,7,44,68,73,1
date=635905728000000000,2/9/2016,3,42,46,56,71,13
date=635902272000000000,2/5/2016,4,6,23,55,75,2
date=635899680000000000,2/2/2016,7,13,25,51,70,9
date=635896224000000000,1/29/2016,20,28,49,51,52,6
date=635893632000000000,1/26/2016,14,27,39,50,69,2
date=635890176000000000,1/22/2016,21,25,40,46,56,3
date=635887584000000000,1/19/2016,2,17,31,39,47,9
date=635884128000000000,1/15/2016,29,41,53,54,70,12
date=635881536000000000,1/12/2016,15,27,29,31,48,15
date=635878080000000000,1/8/2016,11,39,51,57,75,2
date=635875488000000000,1/5/2016,1,4,36,48,57,13
date=635872032000000000,1/1/2016,7,18,37,38,39,9
date=635869440000000000,12/29/2015,20,25,55,62,74,7
date=635865984000000000,12/25/2015,15,25,29,44,51,4
date=635863392000000000,12/22/2015,11,21,40,50,70,15
date=635859936000000000,12/18/2015,6,23,24,28,62,7
date=635857344000000000,12/15/2015,18,25,47,51,61,5
date=635853888000000000,12/11/2015,14,20,43,54,69,5
date=635851296000000000,12/8/2015,7,17,37,49,73,15
date=635847840000000000,12/4/2015,26,42,47,61,73,6
date=635845248000000000,12/1/2015,5,7,25,50,59,12
date=635841792000000000,11/27/2015,16,20,39,56,59,12
date=635839200000000000,11/24/2015,2,19,30,38,70,8
date=635835744000000000,11/20/2015,9,12,29,37,67,15
date=635833152000000000,11/17/2015,12,14,18,24,61,10
date=635829696000000000,11/13/2015,17,18,31,35,59,9
date=635827104000000000,11/10/2015,8,17,20,45,71,4
date=635823648000000000,11/6/2015,10,31,35,50,72,8
date=635821056000000000,11/3/2015,16,29,44,69,74,12
date=635817600000000000,10/30/2015,17,41,51,53,56,15
date=635815008000000000,10/27/2015,9,26,27,29,74,4
date=635811552000000000,10/23/2015,25,32,37,45,70,1
date=635808960000000000,10/20/2015,6,25,35,38,52,4
date=635805504000000000,10/16/2015,2,38,48,61,68,4
date=635802912000000000,10/13/2015,7,9,24,38,52,1
date=635799456000000000,10/9/2015,8,9,21,63,75,14
date=635796864000000000,10/6/2015,17,58,63,64,66,13
date=635793408000000000,10/2/2015,4,14,29,31,47,9
date=635790816000000000,9/29/2015,8,21,30,61,62,9
date=635787360000000000,9/25/2015,3,8,38,51,64,4
date=635784768000000000,9/22/2015,28,30,38,45,51,8
date=635781312000000000,9/18/2015,17,34,35,51,65,7
date=635778720000000000,9/15/2015,7,20,35,49,56,9
date=635775264000000000,9/11/2015,5,11,31,50,67,14
date=635772672000000000,9/8/2015,19,20,36,41,46,7
date=635769216000000000,9/4/2015,17,21,39,52,57,5
date=635766624000000000,9/1/2015,2,5,35,40,54,13
date=635763168000000000,8/28/2015,13,35,40,60,68,9
date=635760576000000000,8/25/2015,5,44,54,59,63,1
date=635757120000000000,8/21/2015,13,15,21,41,72,1
date=635754528000000000,8/18/2015,2,7,33,39,53,9
date=635751072000000000,8/14/2015,12,15,20,52,71,3
date=635748480000000000,8/11/2015,3,8,29,57,68,8
date=635745024000000000,8/7/2015,1,38,53,63,66,10
date=635742432000000000,8/4/2015,2,19,44,51,57,14
date=635738976000000000,7/31/2015,28,32,33,40,46,10
date=635736384000000000,7/28/2015,8,35,61,68,75,15
date=635732928000000000,7/24/2015,10,12,26,60,62,13
date=635730336000000000,7/21/2015,20,30,62,65,74,1
date=635726880000000000,7/17/2015,6,17,30,31,41,15
date=635724288000000000,7/14/2015,19,24,30,35,72,5
date=635720832000000000,7/10/2015,24,27,45,51,54,8
date=635718240000000000,7/7/2015,6,15,16,28,49,14
date=635714784000000000,7/3/2015,33,50,64,71,72,9
date=635712192000000000,6/30/2015,11,17,34,43,50,15
date=635708736000000000,6/26/2015,12,23,33,47,50,3
date=635706144000000000,6/23/2015,6,13,38,56,70,2
date=635702688000000000,6/19/2015,4,35,36,52,68,8
date=635700096000000000,6/16/2015,8,19,26,56,67,14
date=635696640000000000,6/12/2015,1,40,42,56,62,2
date=635694048000000000,6/9/2015,6,16,17,25,36,7
date=635690592000000000,6/5/2015,7,22,27,41,49,10
date=635688000000000000,6/2/2015,2,9,11,22,23,12
date=635684544000000000,5/29/2015,20,27,38,49,66,2
date=635681952000000000,5/26/2015,1,39,52,69,72,12
date=635678496000000000,5/22/2015,3,14,15,25,48,8
date=635675904000000000,5/19/2015,10,12,21,29,65,10
date=635672448000000000,5/15/2015,11,17,21,36,74,15
date=635669856000000000,5/12/2015,14,30,33,36,44,2
date=635666400000000000,5/8/2015,9,21,25,66,72,7
date=635663808000000000,5/5/2015,11,21,42,62,71,7
date=635660352000000000,5/1/2015,17,18,61,66,74,3
date=635657760000000000,4/28/2015,22,27,55,58,63,11
date=635654304000000000,4/24/2015,24,25,29,47,67,4
date=635651712000000000,4/21/2015,31,33,35,41,69,11
date=635648256000000000,4/17/2015,15,18,29,41,50,5
date=635645664000000000,4/14/2015,3,7,25,68,71,3
date=635642208000000000,4/10/2015,6,11,32,46,68,9
date=635639616000000000,4/7/2015,5,15,22,26,64,6
date=635636160000000000,4/3/2015,10,36,47,63,74,2
date=635633568000000000,3/31/2015,8,26,41,61,73,11
date=635630112000000000,3/27/2015,17,21,36,58,70,3
date=635627520000000000,3/24/2015,2,23,32,45,55,12
date=635624064000000000,3/20/2015,7,50,54,61,75,7
date=635621472000000000,3/17/2015,11,27,44,45,58,3
date=635618016000000000,3/13/2015,8,22,30,42,45,3
date=635615424000000000,3/10/2015,10,14,19,30,73,14
date=635611968000000000,3/6/2015,30,48,55,68,73,5
date=635609376000000000,3/3/2015,9,11,42,44,50,3
date=635605920000000000,2/27/2015,7,49,53,60,64,4
date=635603328000000000,2/24/2015,15,23,26,45,66,4
date=635599872000000000,2/20/2015,2,6,8,52,66,13
date=635597280000000000,2/17/2015,6,45,50,65,66,1
date=635593824000000000,2/13/2015,4,20,44,65,74,14
date=635591232000000000,2/10/2015,7,42,53,58,71,15
date=635587776000000000,2/6/2015,5,6,17,33,68,13
date=635585184000000000,2/3/2015,11,22,25,58,69,13
date=635581728000000000,1/30/2015,18,31,39,45,55,6
date=635579136000000000,1/27/2015,5,26,27,44,57,7
date=635575680000000000,1/23/2015,14,15,32,68,72,8
date=635573088000000000,1/20/2015,31,35,56,59,63,6
date=635569632000000000,1/16/2015,26,32,44,45,58,11
date=635567040000000000,1/13/2015,12,20,25,50,51,7
date=635563584000000000,1/9/2015,37,49,50,56,57,8
date=635560992000000000,1/6/2015,12,20,27,38,75,4
date=635557536000000000,1/2/2015,13,15,35,62,74,12
date=635554944000000000,12/30/2014,3,7,44,63,67,12
date=635551488000000000,12/26/2014,2,5,10,20,38,14
date=635548896000000000,12/23/2014,4,10,31,56,66,7
date=635545440000000000,12/19/2014,14,18,58,59,68,4
date=635542848000000000,12/16/2014,41,58,68,72,73,1
date=635539392000000000,12/12/2014,2,31,46,58,65,7
date=635536800000000000,12/9/2014,27,45,49,51,52,14
date=635533344000000000,12/5/2014,4,5,11,51,59,5
date=635530752000000000,12/2/2014,13,18,22,49,62,11
date=635527296000000000,11/28/2014,8,26,29,36,47,10
date=635524704000000000,11/25/2014,10,11,29,47,56,4
date=635521248000000000,11/21/2014,3,12,35,37,63,15
date=635518656000000000,11/18/2014,37,39,53,68,75,6
date=635515200000000000,11/14/2014,3,49,61,62,68,15
date=635512608000000000,11/11/2014,23,25,28,30,75,11
date=635509152000000000,11/7/2014,31,35,41,65,66,5
date=635506560000000000,11/4/2014,9,15,24,39,41,1
date=635503104000000000,10/31/2014,11,29,36,58,67,15
date=635500512000000000,10/28/2014,3,50,57,58,60,11
date=635497056000000000,10/24/2014,2,14,21,28,55,3
date=635494464000000000,10/21/2014,5,35,37,41,66,11
date=635491008000000000,10/17/2014,21,31,43,56,60,12
date=635488416000000000,10/14/2014,11,37,46,64,68,15
date=635484960000000000,10/10/2014,2,32,35,50,59,3
date=635482368000000000,10/7/2014,16,29,46,48,55,2
date=635478912000000000,10/3/2014,3,20,34,58,67,6
date=635476320000000000,9/30/2014,3,16,52,54,61,6
date=635472864000000000,9/26/2014,17,26,35,46,62,9
date=635470272000000000,9/23/2014,21,24,25,40,43,12
date=635466816000000000,9/19/2014,16,25,27,29,34,2
date=635464224000000000,9/16/2014,25,45,51,53,73,2
date=635460768000000000,9/12/2014,18,28,33,36,42,7
date=635458176000000000,9/9/2014,25,34,55,70,71,1
date=635454720000000000,9/5/2014,7,12,20,24,59,7
date=635452128000000000,9/2/2014,1,8,54,69,72,1
date=635448672000000000,8/29/2014,3,26,45,58,73,12
date=635446080000000000,8/26/2014,29,31,51,60,64,1
date=635442624000000000,8/22/2014,5,31,34,41,74,3
date=635440032000000000,8/19/2014,22,39,56,67,71,15
date=635436576000000000,8/15/2014,16,19,28,29,68,9
date=635433984000000000,8/12/2014,32,53,60,63,68,6
date=635430528000000000,8/8/2014,9,16,61,70,75,7
date=635427936000000000,8/5/2014,25,28,36,45,53,6
date=635424480000000000,8/1/2014,13,29,34,37,72,6
date=635421888000000000,7/29/2014,2,8,16,43,74,1
date=635418432000000000,7/25/2014,22,29,33,41,68,12
date=635415840000000000,7/22/2014,14,18,22,31,47,15
date=635412384000000000,7/18/2014,5,8,59,65,72,3
date=635409792000000000,7/15/2014,2,4,17,36,40,5
date=635406336000000000,7/11/2014,9,13,30,35,69,10
date=635403744000000000,7/8/2014,14,25,27,48,49,9
date=635400288000000000,7/4/2014,16,33,39,58,69,2
date=635397696000000000,7/1/2014,9,22,38,47,49,15
date=635394240000000000,6/27/2014,15,29,31,46,64,10
date=635391648000000000,6/24/2014,13,17,24,47,65,10
date=635388192000000000,6/20/2014,1,22,25,29,56,3
date=635385600000000000,6/17/2014,10,14,24,47,60,3
date=635382144000000000,6/13/2014,7,38,46,49,56,1
date=635379552000000000,6/10/2014,2,10,24,26,74,7
date=635376096000000000,6/6/2014,12,29,37,49,72,9
date=635373504000000000,6/3/2014,19,28,62,66,74,6
date=635370048000000000,5/30/2014,10,13,42,43,62,2
date=635367456000000000,5/27/2014,1,6,10,46,58,13
date=635364000000000000,5/23/2014,12,14,21,38,70,15
date=635361408000000000,5/20/2014,10,40,63,64,69,7
date=635357952000000000,5/16/2014,13,14,16,50,56,11
date=635355360000000000,5/13/2014,37,46,48,70,74,1
date=635351904000000000,5/9/2014,10,28,39,51,59,14
date=635349312000000000,5/6/2014,18,20,27,48,51,5
date=635345856000000000,5/2/2014,1,18,26,35,40,13
date=635343264000000000,4/29/2014,7,43,59,61,66,3
date=635339808000000000,4/25/2014,3,11,18,20,66,9
date=635337216000000000,4/22/2014,2,18,19,49,50,1
date=635333760000000000,4/18/2014,18,25,38,45,63,9
date=635331168000000000,4/15/2014,4,39,46,47,70,13
date=635327712000000000,4/11/2014,3,42,44,47,57,8
date=635325120000000000,4/8/2014,35,36,41,60,71,3
date=635321664000000000,4/4/2014,1,10,15,41,54,9
date=635319072000000000,4/1/2014,10,23,68,74,75,9
date=635315616000000000,3/28/2014,2,3,9,50,73,12
date=635313024000000000,3/25/2014,19,26,51,57,73,15
date=635309568000000000,3/21/2014,2,23,30,35,53,10
date=635306976000000000,3/18/2014,11,19,24,33,51,7
date=635303520000000000,3/14/2014,7,20,40,54,69,12
date=635300928000000000,3/11/2014,9,14,56,57,69,10
date=635297472000000000,3/7/2014,11,13,51,57,69,1
date=635294880000000000,3/4/2014,10,29,31,35,45,10
date=635291424000000000,2/28/2014,3,31,50,58,59,6
date=635288832000000000,2/25/2014,12,18,25,35,66,15
date=635285376000000000,2/21/2014,23,29,32,45,46,15
date=635282784000000000,2/18/2014,23,29,31,37,70,14
date=635279328000000000,2/14/2014,20,28,35,71,72,7
date=635276736000000000,2/11/2014,43,64,67,71,73,4
date=635273280000000000,2/7/2014,11,21,23,35,64,10
date=635270688000000000,2/4/2014,25,44,49,60,73,9
date=635267232000000000,1/31/2014,3,9,13,47,52,8
date=635264640000000000,1/28/2014,7,16,28,53,60,2
date=635261184000000000,1/24/2014,22,45,46,47,65,10
date=635258592000000000,1/21/2014,8,23,33,45,52,4
date=635255136000000000,1/17/2014,1,10,26,31,51,11
date=635252544000000000,1/14/2014,4,23,26,62,69,13
date=635249088000000000,1/10/2014,8,28,36,37,57,8
date=635246496000000000,1/7/2014,13,34,56,62,64,6
date=635243040000000000,1/3/2014,22,24,25,40,70,5
date=635240448000000000,12/31/2013,8,12,34,52,58,8
date=635236992000000000,12/27/2013,4,15,35,48,49,11
date=635234400000000000,12/24/2013,23,34,53,58,73,2
date=635230944000000000,12/20/2013,3,4,31,49,57,6
date=635228352000000000,12/17/2013,8,14,17,20,39,7
date=635224896000000000,12/13/2013,19,24,26,27,70,12
date=635222304000000000,12/10/2013,5,12,22,41,65,13
date=635218848000000000,12/6/2013,11,29,44,63,64,3
date=635216256000000000,12/3/2013,7,12,41,44,59,3
date=635212800000000000,11/29/2013,9,41,43,47,57,5
date=635210208000000000,11/26/2013,27,44,59,74,75,3
date=635206752000000000,11/22/2013,17,23,35,36,44,8
date=635204160000000000,11/19/2013,14,15,29,49,63,2
date=635200704000000000,11/15/2013,25,44,49,54,63,8
date=635198112000000000,11/12/2013,20,30,32,42,71,15
date=635194656000000000,11/8/2013,41,42,51,57,65,7
date=635192064000000000,11/5/2013,2,11,42,64,74,2
date=635188608000000000,11/1/2013,32,35,49,62,67,1
date=635186016000000000,10/29/2013,20,33,50,53,54,7
date=635182560000000000,10/25/2013,6,16,45,54,60,15
date=635179968000000000,10/22/2013,2,3,19,52,71,14
date=635176512000000000,10/18/2013,5,20,45,48,56,1
date=635173920000000000,10/15/2013,4,23,30,43,50,11
date=635170464000000000,10/11/2013,3,27,37,45,48,46
date=635167872000000000,10/8/2013,6,15,19,23,40,5
date=635164416000000000,10/4/2013,4,16,24,25,44,5
date=635161824000000000,10/1/2013,7,10,30,37,53,1
date=635158368000000000,9/27/2013,9,23,27,49,51,38
date=635155776000000000,9/24/2013,4,11,32,39,40,33
date=635152320000000000,9/20/2013,1,15,20,21,47,34
date=635149728000000000,9/17/2013,6,15,27,31,39,25
date=635146272000000000,9/13/2013,9,22,28,48,54,8
date=635143680000000000,9/10/2013,2,12,18,54,56,1
date=635140224000000000,9/6/2013,2,16,17,22,41,31
date=635137632000000000,9/3/2013,4,13,14,28,41,28
date=635134176000000000,8/30/2013,6,19,24,43,44,33
date=635131584000000000,8/27/2013,4,7,30,36,38,38
date=635128128000000000,8/23/2013,1,9,17,20,53,14
date=635125536000000000,8/20/2013,13,28,35,38,41,33
date=635122080000000000,8/16/2013,7,13,26,36,46,37
date=635119488000000000,8/13/2013,2,31,32,37,41,40
date=635116032000000000,8/9/2013,11,20,30,34,38,12
date=635113440000000000,8/6/2013,1,11,16,51,55,41
date=635109984000000000,8/2/2013,8,21,23,25,39,4
date=635107392000000000,7/30/2013,25,27,36,42,44,39
date=635103936000000000,7/26/2013,4,22,23,27,38,42
date=635101344000000000,7/23/2013,25,32,35,50,51,46
date=635097888000000000,7/19/2013,16,20,24,39,42,46
date=635095296000000000,7/16/2013,10,14,21,40,53,20
date=635091840000000000,7/12/2013,4,5,25,27,51,10
date=635089248000000000,7/9/2013,3,21,43,45,48,14
date=635085792000000000,7/5/2013,2,23,41,47,54,42
date=635083200000000000,7/2/2013,36,42,51,52,53,40
date=635079744000000000,6/28/2013,8,15,35,46,52,38
date=635077152000000000,6/25/2013,3,5,28,33,51,16
date=635073696000000000,6/21/2013,3,14,17,40,50,3
date=635071104000000000,6/18/2013,6,17,34,40,48,30
date=635067648000000000,6/14/2013,2,5,31,33,34,20
date=635065056000000000,6/11/2013,15,40,45,50,53,28
date=635061600000000000,6/7/2013,1,10,37,48,55,21
date=635059008000000000,6/4/2013,10,11,12,20,55,19
date=635055552000000000,5/31/2013,2,20,26,44,46,26
date=635052960000000000,5/28/2013,4,12,25,32,54,36
date=635049504000000000,5/24/2013,4,5,16,18,53,28
date=635046912000000000,5/21/2013,2,15,17,48,55,11
date=635043456000000000,5/17/2013,11,15,35,43,49,41
date=635040864000000000,5/14/2013,6,10,12,28,32,38
date=635037408000000000,5/10/2013,1,19,20,39,49,28
date=635034816000000000,5/7/2013,1,6,13,20,51,31
date=635031360000000000,5/3/2013,2,20,34,42,54,39
date=635028768000000000,4/30/2013,21,30,34,39,49,43
date=635025312000000000,4/26/2013,17,42,49,54,55,31
date=635022720000000000,4/23/2013,9,21,22,32,50,10
date=635019264000000000,4/19/2013,6,8,12,22,43,28
date=635016672000000000,4/16/2013,2,5,15,18,39,42
date=635013216000000000,4/12/2013,1,10,13,19,21,28
date=635010624000000000,4/9/2013,17,30,41,48,54,13
date=635007168000000000,4/5/2013,8,15,23,36,41,5
date=635004576000000000,4/2/2013,7,10,14,40,47,34
date=635001120000000000,3/29/2013,25,31,36,46,53,21
date=634998528000000000,3/26/2013,20,33,46,49,51,46
date=634995072000000000,3/22/2013,14,27,34,37,41,38
date=634992480000000000,3/19/2013,3,6,14,21,37,35
date=634989024000000000,3/15/2013,4,8,17,22,32,8
date=634986432000000000,3/12/2013,9,12,19,20,30,39
date=634982976000000000,3/8/2013,4,11,25,34,35,44
date=634980384000000000,3/5/2013,6,20,39,41,46,42
date=634976928000000000,3/1/2013,17,30,38,43,51,20
date=634974336000000000,2/26/2013,6,7,13,15,43,7
date=634970880000000000,2/22/2013,9,13,24,38,49,30
date=634968288000000000,2/19/2013,1,15,19,30,56,28
date=634964832000000000,2/15/2013,11,35,41,42,44,42
date=634962240000000000,2/12/2013,9,22,32,38,55,44
date=634958784000000000,2/8/2013,6,15,20,39,50,5
date=634956192000000000,2/5/2013,2,5,10,26,44,46
date=634952736000000000,2/1/2013,1,30,32,40,41,17
date=634950144000000000,1/29/2013,8,12,27,46,47,6
date=634946688000000000,1/25/2013,11,12,17,31,48,1
date=634944096000000000,1/22/2013,7,11,16,39,54,13
date=634940640000000000,1/18/2013,8,18,25,42,49,14
date=634938048000000000,1/15/2013,1,6,12,19,41,14
date=634934592000000000,1/11/2013,24,29,30,34,56,1
date=634932000000000000,1/8/2013,3,20,21,38,42,19
date=634928544000000000,1/4/2013,1,2,23,25,55,39
date=634925952000000000,1/1/2013,4,11,21,25,44,29
date=634922496000000000,12/28/2012,10,13,32,40,41,32
date=634919904000000000,12/25/2012,2,3,18,34,48,36
date=634916448000000000,12/21/2012,3,18,32,41,56,19
date=634913856000000000,12/18/2012,1,6,7,18,29,16
date=634910400000000000,12/14/2012,11,28,33,41,43,41
date=634907808000000000,12/11/2012,39,44,51,52,54,13
date=634904352000000000,12/7/2012,7,43,44,51,56,4
date=634901760000000000,12/4/2012,3,19,24,32,43,44
date=634898304000000000,11/30/2012,11,22,24,28,31,46
date=634895712000000000,11/27/2012,5,12,26,42,49,24
date=634892256000000000,11/23/2012,8,37,44,47,48,27
date=634889664000000000,11/20/2012,9,13,22,38,52,44
date=634886208000000000,11/16/2012,5,24,26,29,53,36
date=634883616000000000,11/13/2012,6,12,31,46,56,34
date=634880160000000000,11/9/2012,18,22,33,35,40,11
date=634877568000000000,11/6/2012,3,5,13,32,35,6
date=634874112000000000,11/2/2012,4,18,22,38,44,24
date=634871520000000000,10/30/2012,5,12,18,29,56,38
date=634868064000000000,10/26/2012,4,15,24,36,40,44
date=634865472000000000,10/23/2012,1,17,42,46,55,1
date=634862016000000000,10/19/2012,14,34,36,48,53,42
date=634859424000000000,10/16/2012,13,37,40,46,52,29
date=634855968000000000,10/12/2012,6,10,24,26,42,15
date=634853376000000000,10/9/2012,6,15,16,22,37,3
date=634849920000000000,10/5/2012,8,9,16,32,39,15
date=634847328000000000,10/2/2012,10,11,20,42,55,9
date=634843872000000000,9/28/2012,6,8,14,43,56,28
date=634841280000000000,9/25/2012,7,8,23,50,51,26
date=634837824000000000,9/21/2012,3,13,14,46,55,34
date=634835232000000000,9/18/2012,5,9,22,36,49,36
date=634831776000000000,9/14/2012,16,17,21,40,51,20
date=634829184000000000,9/11/2012,5,11,20,33,36,11
date=634825728000000000,9/7/2012,15,32,38,42,46,31
date=634823136000000000,9/4/2012,16,32,39,41,53,16
date=634819680000000000,8/31/2012,31,40,41,47,48,45
date=634817088000000000,8/28/2012,4,9,40,45,50,39
date=634813632000000000,8/24/2012,25,34,45,46,49,34
date=634811040000000000,8/21/2012,5,13,20,23,33,30
date=634807584000000000,8/17/2012,8,20,24,35,56,24
date=634804992000000000,8/14/2012,15,23,34,39,55,32
date=634801536000000000,8/10/2012,10,18,36,38,44,8
date=634798944000000000,8/7/2012,30,32,33,42,48,7
date=634795488000000000,8/3/2012,2,10,13,38,46,2
date=634792896000000000,7/31/2012,5,18,21,29,41,37
date=634789440000000000,7/27/2012,2,3,4,8,43,26
date=634786848000000000,7/24/2012,5,9,38,46,51,5
date=634783392000000000,7/20/2012,2,44,48,50,52,3
date=634780800000000000,7/17/2012,1,13,21,49,55,17
date=634777344000000000,7/13/2012,6,7,13,24,46,34
date=634774752000000000,7/10/2012,3,11,19,23,36,21
date=634771296000000000,7/6/2012,20,23,28,35,39,21
date=634768704000000000,7/3/2012,3,4,24,36,52,45
date=634765248000000000,6/29/2012,28,34,39,45,53,34
date=634762656000000000,6/26/2012,3,16,23,35,36,20
date=634759200000000000,6/22/2012,10,16,19,32,36,13
date=634756608000000000,6/19/2012,11,21,27,30,53,11
date=634753152000000000,6/15/2012,8,12,18,30,40,4
date=634750560000000000,6/12/2012,2,9,17,34,50,45
date=634747104000000000,6/8/2012,4,9,34,40,48,25
date=634744512000000000,6/5/2012,37,39,42,53,55,22
date=634741056000000000,6/1/2012,2,27,38,46,52,45
date=634738464000000000,5/29/2012,2,14,29,53,55,31
date=634735008000000000,5/25/2012,9,15,21,40,54,11
date=634732416000000000,5/22/2012,10,14,35,43,52,16
date=634728960000000000,5/18/2012,3,11,22,34,49,1
date=634726368000000000,5/15/2012,10,11,12,14,24,6
date=634722912000000000,5/11/2012,3,15,29,35,54,8
date=634720320000000000,5/8/2012,2,6,8,18,51,19
date=634716864000000000,5/4/2012,4,11,21,42,53,38
date=634714272000000000,5/1/2012,24,27,31,45,52,38
date=634710816000000000,4/27/2012,2,5,45,46,47,37
date=634708224000000000,4/24/2012,3,9,15,37,38,39
date=634704768000000000,4/20/2012,14,23,26,33,35,40
date=634702176000000000,4/17/2012,1,16,24,32,48,2
date=634698720000000000,4/13/2012,9,14,17,36,42,33
date=634696128000000000,4/10/2012,2,6,12,31,48,25
date=634692672000000000,4/6/2012,2,19,20,24,33,39
date=634690080000000000,4/3/2012,11,35,38,41,52,40
date=634686624000000000,3/30/2012,2,4,23,38,46,23
date=634684032000000000,3/27/2012,9,19,34,44,51,24
date=634680576000000000,3/23/2012,6,17,19,20,21,20
date=634677984000000000,3/20/2012,1,4,6,11,14,30
date=634674528000000000,3/16/2012,28,29,43,51,53,7
date=634671936000000000,3/13/2012,2,8,30,36,48,31
date=634668480000000000,3/9/2012,9,10,27,36,42,11
date=634665888000000000,3/6/2012,20,24,31,33,36,44
date=634662432000000000,3/2/2012,16,29,48,52,54,5
date=634659840000000000,2/28/2012,6,15,29,39,51,36
date=634656384000000000,2/24/2012,1,16,18,25,27,3
date=634653792000000000,2/21/2012,9,30,39,42,47,37
date=634650336000000000,2/17/2012,16,25,28,32,40,3
date=634647744000000000,2/14/2012,3,5,10,26,27,27
date=634644288000000000,2/10/2012,3,4,18,29,50,20
date=634641696000000000,2/7/2012,17,23,30,37,45,4
date=634638240000000000,2/3/2012,7,19,21,49,53,35
date=634635648000000000,1/31/2012,9,17,18,28,43,9
date=634632192000000000,1/27/2012,3,5,30,36,48,23
date=634629600000000000,1/24/2012,10,22,24,36,49,33
date=634626144000000000,1/20/2012,1,9,28,38,47,8
date=634623552000000000,1/17/2012,3,15,31,36,53,27
date=634620096000000000,1/13/2012,10,27,28,37,51,19
date=634617504000000000,1/10/2012,4,10,16,38,48,34
date=634614048000000000,1/6/2012,9,17,28,34,48,46
date=634611456000000000,1/3/2012,2,3,15,22,36,23
date=634608000000000000,12/30/2011,4,24,45,46,52,1
date=634605408000000000,12/27/2011,23,32,33,39,43,8
date=634601952000000000,12/23/2011,3,5,8,18,29,14
date=634599360000000000,12/20/2011,20,24,27,45,51,31
date=634595904000000000,12/16/2011,2,4,26,36,39,27
date=634593312000000000,12/13/2011,5,6,22,26,41,6
date=634589856000000000,12/9/2011,4,12,29,49,51,44
date=634587264000000000,12/6/2011,7,21,29,35,49,39
date=634583808000000000,12/2/2011,24,30,48,51,56,45
date=634581216000000000,11/29/2011,17,29,43,48,52,36
date=634577760000000000,11/25/2011,22,28,42,49,54,43
date=634575168000000000,11/22/2011,4,16,23,33,48,38
date=634571712000000000,11/18/2011,4,13,33,39,55,3
date=634569120000000000,11/15/2011,3,6,24,30,33,21
date=634565664000000000,11/11/2011,2,16,22,29,50,27
date=634563072000000000,11/8/2011,5,31,45,47,54,4
date=634559616000000000,11/4/2011,26,30,32,33,44,1
date=634557024000000000,11/1/2011,27,31,39,40,46,36
date=634553568000000000,10/28/2011,13,31,49,52,56,41
date=634550976000000000,10/25/2011,13,33,40,44,46,8
date=634547520000000000,10/21/2011,6,21,35,37,38,17
date=634544928000000000,10/18/2011,24,25,45,47,53,42
date=634541472000000000,10/14/2011,13,35,42,45,54,26
date=634538880000000000,10/11/2011,25,34,38,44,56,27
date=634535424000000000,10/7/2011,5,15,19,23,38,19
date=634532832000000000,10/4/2011,3,26,40,45,52,11
date=634529376000000000,9/30/2011,3,19,21,44,45,29
date=634526784000000000,9/27/2011,2,20,28,36,45,37
date=634523328000000000,9/23/2011,21,27,32,40,52,36
date=634520736000000000,9/20/2011,6,29,38,50,51,39
date=634517280000000000,9/16/2011,6,23,41,45,56,24
date=634514688000000000,9/13/2011,22,31,43,48,56,45
date=634511232000000000,9/9/2011,7,12,19,23,31,45
date=634508640000000000,9/6/2011,1,36,38,42,49,19
date=634505184000000000,9/2/2011,25,44,48,49,55,20
date=634502592000000000,8/30/2011,2,22,25,28,50,18
date=634499136000000000,8/26/2011,2,3,27,30,47,36
date=634496544000000000,8/23/2011,11,21,44,48,49,23
date=634493088000000000,8/19/2011,5,15,53,54,56,22
date=634490496000000000,8/16/2011,4,38,41,42,43,44
date=634487040000000000,8/12/2011,9,43,51,54,55,13
date=634484448000000000,8/9/2011,11,19,39,45,54,15
date=634480992000000000,8/5/2011,6,24,28,33,42,19
date=634478400000000000,8/2/2011,14,17,19,20,32,28
date=634474944000000000,7/29/2011,8,10,22,47,48,35
date=634472352000000000,7/26/2011,20,25,35,52,55,10
date=634468896000000000,7/22/2011,23,31,32,39,56,38
date=634466304000000000,7/19/2011,2,9,10,16,35,40
date=634462848000000000,7/15/2011,16,29,30,46,56,6
date=634460256000000000,7/12/2011,3,9,11,44,49,9
date=634456800000000000,7/8/2011,1,2,22,37,50,45
date=634454208000000000,7/5/2011,1,10,13,18,46,19
date=634450752000000000,7/1/2011,12,17,30,35,47,26
date=634448160000000000,6/28/2011,12,17,27,47,48,33
date=634444704000000000,6/24/2011,10,14,40,49,51,4
date=634442112000000000,6/21/2011,11,24,25,31,46,17
date=634438656000000000,6/17/2011,12,29,46,47,51,24
date=634436064000000000,6/14/2011,9,10,20,51,53,24
date=634432608000000000,6/10/2011,18,21,27,37,38,7
date=634430016000000000,6/7/2011,29,32,35,47,52,13
date=634426560000000000,6/3/2011,20,23,41,49,53,31
date=634423968000000000,5/31/2011,28,30,31,37,55,13
date=634420512000000000,5/27/2011,5,7,14,28,56,10
date=634417920000000000,5/24/2011,9,12,21,42,43,42
date=634414464000000000,5/20/2011,10,17,19,45,48,30
date=634411872000000000,5/17/2011,1,2,17,25,48,45
date=634408416000000000,5/13/2011,3,33,39,47,53,9
date=634405824000000000,5/10/2011,11,16,34,40,51,34
date=634402368000000000,5/6/2011,6,18,26,37,41,9
date=634399776000000000,5/3/2011,1,16,29,36,50,16
date=634396320000000000,4/29/2011,9,10,11,33,51,29
date=634393728000000000,4/26/2011,19,29,32,38,55,15
date=634390272000000000,4/22/2011,3,18,46,51,53,17
date=634387680000000000,4/19/2011,20,24,32,45,51,43
date=634384224000000000,4/15/2011,22,23,33,39,48,29
date=634381632000000000,4/12/2011,10,23,39,41,45,15
date=634378176000000000,4/8/2011,6,40,45,50,56,11
date=634375584000000000,4/5/2011,1,19,20,31,36,9
date=634372128000000000,4/1/2011,13,14,35,36,53,19
date=634369536000000000,3/29/2011,6,15,23,34,38,43
date=634366080000000000,3/25/2011,22,24,31,52,54,4
date=634363488000000000,3/22/2011,1,14,35,50,53,43
date=634360032000000000,3/18/2011,14,33,34,54,56,37
date=634357440000000000,3/15/2011,10,11,12,28,43,45
date=634353984000000000,3/11/2011,14,19,21,42,45,6
date=634351392000000000,3/8/2011,3,17,19,41,55,24
date=634347936000000000,3/4/2011,8,10,15,23,41,7
date=634345344000000000,3/1/2011,1,12,19,20,47,25
date=634341888000000000,2/25/2011,4,5,17,19,50,7
date=634339296000000000,2/22/2011,15,22,23,48,55,31
date=634335840000000000,2/18/2011,5,6,7,30,45,42
date=634333248000000000,2/15/2011,17,18,24,35,39,18
date=634329792000000000,2/11/2011,8,9,17,32,34,13
date=634327200000000000,2/8/2011,25,35,36,47,48,18
date=634323744000000000,2/4/2011,6,20,29,48,55,6
date=634321152000000000,2/1/2011,16,22,23,26,35,31
date=634317696000000000,1/28/2011,14,33,48,49,50,18
date=634315104000000000,1/25/2011,5,8,31,46,50,4
date=634311648000000000,1/21/2011,5,9,21,35,38,20
date=634309056000000000,1/18/2011,4,27,29,38,45,5
date=634305600000000000,1/14/2011,2,15,17,33,35,8
date=634303008000000000,1/11/2011,1,4,11,16,45,37
date=634299552000000000,1/7/2011,4,22,42,46,53,20
date=634296960000000000,1/4/2011,4,8,15,25,47,42
date=634293504000000000,12/31/2010,10,12,13,35,56,9
date=634290912000000000,12/28/2010,6,18,36,40,49,7
date=634287456000000000,12/24/2010,15,16,27,40,52,16
date=634284864000000000,12/21/2010,8,11,12,31,32,29
date=634281408000000000,12/17/2010,11,20,26,46,53,12
date=634278816000000000,12/14/2010,18,22,25,31,38,29
date=634275360000000000,12/10/2010,23,27,33,44,46,36
date=634272768000000000,12/7/2010,4,38,45,53,54,9
date=634269312000000000,12/3/2010,6,11,12,18,56,12
date=634266720000000000,11/30/2010,11,16,19,47,53,2
date=634263264000000000,11/26/2010,5,9,34,43,47,8
date=634260672000000000,11/23/2010,2,6,12,34,35,33
date=634257216000000000,11/19/2010,7,14,31,51,54,35
date=634254624000000000,11/16/2010,1,26,27,39,46,21
date=634251168000000000,11/12/2010,9,26,28,35,38,10
date=634248576000000000,11/9/2010,8,26,28,33,53,11
date=634245120000000000,11/5/2010,19,25,34,46,53,15
date=634242528000000000,11/2/2010,1,3,12,16,54,46
date=634239072000000000,10/29/2010,4,19,26,28,39,14
date=634236480000000000,10/26/2010,15,21,30,31,32,26
date=634233024000000000,10/22/2010,2,7,18,32,53,18
date=634230432000000000,10/19/2010,2,9,14,37,42,41
date=634226976000000000,10/15/2010,9,10,13,31,50,10
date=634224384000000000,10/12/2010,10,31,36,37,43,15
date=634220928000000000,10/8/2010,24,29,37,48,50,19
date=634218336000000000,10/5/2010,10,19,24,37,44,27
date=634214880000000000,10/1/2010,3,8,21,28,52,43
date=634212288000000000,9/28/2010,2,10,13,36,38,18
date=634208832000000000,9/24/2010,2,28,38,42,55,25
date=634206240000000000,9/21/2010,3,20,43,47,52,26
date=634202784000000000,9/17/2010,3,4,14,18,27,13
date=634200192000000000,9/14/2010,6,14,50,55,56,1
date=634196736000000000,9/10/2010,11,12,17,21,23,20
date=634194144000000000,9/7/2010,8,18,22,24,38,23
date=634190688000000000,9/3/2010,10,13,20,28,36,9
date=634188096000000000,8/31/2010,10,20,29,47,48,38
date=634184640000000000,8/27/2010,4,10,26,32,41,31
date=634182048000000000,8/24/2010,4,23,24,28,32,31
date=634178592000000000,8/20/2010,4,13,20,29,48,36
date=634176000000000000,8/17/2010,11,19,40,43,44,33
date=634172544000000000,8/13/2010,6,17,24,43,55,36
date=634169952000000000,8/10/2010,2,14,26,50,56,12
date=634166496000000000,8/6/2010,7,13,30,33,54,30
date=634163904000000000,8/3/2010,4,13,20,22,56,32
date=634160448000000000,7/30/2010,11,30,40,48,52,42
date=634157856000000000,7/27/2010,2,7,10,16,29,8
date=634154400000000000,7/23/2010,16,19,39,44,49,26
date=634151808000000000,7/20/2010,12,18,28,36,43,19
date=634148352000000000,7/16/2010,2,15,18,20,39,34
date=634145760000000000,7/13/2010,7,11,14,15,34,14
date=634142304000000000,7/9/2010,1,31,33,34,50,41
date=634139712000000000,7/6/2010,8,18,45,47,50,36
date=634136256000000000,7/2/2010,1,10,12,32,36,25
date=634133664000000000,6/29/2010,3,4,15,27,37,35
date=634130208000000000,6/25/2010,1,2,13,19,27,21
date=634127616000000000,6/22/2010,12,17,21,23,30,24
date=634124160000000000,6/18/2010,11,36,37,41,55,7
date=634121568000000000,6/15/2010,4,12,13,21,27,46
date=634118112000000000,6/11/2010,6,13,33,34,42,25
date=634115520000000000,6/8/2010,12,18,28,48,54,6
date=634112064000000000,6/4/2010,12,13,15,17,50,23
date=634109472000000000,6/1/2010,12,27,44,45,51,30
date=634106016000000000,5/28/2010,3,11,20,29,39,26
date=634103424000000000,5/25/2010,5,14,17,19,24,25
date=634099968000000000,5/21/2010,15,20,23,26,30,17
date=634097376000000000,5/18/2010,11,13,19,37,40,26
date=634093920000000000,5/14/2010,20,21,40,47,56,12
date=634091328000000000,5/11/2010,26,33,43,46,54,9
date=634087872000000000,5/7/2010,2,7,20,34,50,40
date=634085280000000000,5/4/2010,9,21,31,36,43,8
date=634081824000000000,4/30/2010,14,20,41,47,53,40
date=634079232000000000,4/27/2010,23,37,41,50,55,6
date=634075776000000000,4/23/2010,19,26,28,37,52,18
date=634073184000000000,4/20/2010,5,8,10,34,42,25
date=634069728000000000,4/16/2010,10,16,31,48,50,44
date=634067136000000000,4/13/2010,3,12,27,39,47,32
date=634063680000000000,4/9/2010,15,18,39,48,53,3
date=634061088000000000,4/6/2010,16,43,44,52,56,26
date=634057632000000000,4/2/2010,2,17,22,30,31,19
date=634055040000000000,3/30/2010,1,11,24,38,44,41
date=634051584000000000,3/26/2010,23,41,46,47,52,22
date=634048992000000000,3/23/2010,3,25,28,29,40,13
date=634045536000000000,3/19/2010,10,31,45,50,54,25
date=634042944000000000,3/16/2010,3,22,48,52,56,13
date=634039488000000000,3/12/2010,2,15,25,48,53,41
date=634036896000000000,3/9/2010,14,16,18,19,29,16
date=634033440000000000,3/5/2010,11,31,34,44,52,32
date=634030848000000000,3/2/2010,9,12,47,48,56,25
date=634027392000000000,2/26/2010,4,14,29,54,56,40
date=634024800000000000,2/23/2010,4,16,36,40,53,18
date=634021344000000000,2/19/2010,1,22,39,42,46,36
date=634018752000000000,2/16/2010,11,12,21,29,45,5
date=634015296000000000,2/12/2010,14,16,17,33,47,23
date=634012704000000000,2/9/2010,2,17,20,26,48,12
date=634009248000000000,2/5/2010,10,20,45,51,53,41
date=634006656000000000,2/2/2010,6,7,26,27,49,9